"datasetID","forestRemnantID","decimalLatitude","decimalLongitude","forestRemnantAreaInHectares","matrixType","timeSinceIsolationInYears","firstYearSurvey"
"Anciaes2000","C1",-22.65,-50.4,2180,"terrestrial",NA,1997
"Anciaes2000","C2",-22.6,-43.7,30000,"terrestrial",NA,1997
"Anciaes2000","C3",-20.83333,-42.65,13000,"terrestrial",NA,1997
"Anciaes2000","C4",-25.3,-48.31667,120000,"terrestrial",NA,1997
"Anciaes2000","C5",-25.46667,-48.83333,150000,"terrestrial",NA,1997
"Anciaes2000","C6",-22.48333,-44.55,25000,"terrestrial",NA,1997
"Anciaes2000","C7",-24.33944,-47.00552,70000,"terrestrial",NA,1997
"Anciaes2000","F1",-22.68333,-44.31667,15,"terrestrial",30,1997
"Anciaes2000","F2",-20.01667,-44.05,100,"terrestrial",20,1998
"Anciaes2000","F3",-22.9,-47.05,250,"terrestrial",20,1996
"Anciaes2000","F4",-22.73333,-46.9,250,"terrestrial",20,1997
"Anciaes2000","F5",-23.9,-51.96667,350,"terrestrial",50,1997
"Anjos2004","FA",-23.46972222,-51.23833333,56,"terrestrial",40,1997
"Anjos2004","FB",-23.47527778,-51.25305556,25,"terrestrial",40,1997
"Anjos2004","FC",-23.47527778,-51.25638889,11,"terrestrial",40,1997
"Anjos2004","FD",-23.41777778,-51.23333333,87,"terrestrial",43,2000
"Anjos2004","FE",-23.405,-51.32583333,350,"terrestrial",43,2000
"Anjos2004","FG",-23.45888889,-51.21083333,285,"terrestrial",43,2000
"Anjos2004","FH",-23.48944444,-51.19388889,72,"terrestrial",43,2000
"Anjos2004","FI",-23.50277778,-51.07833333,184,"terrestrial",43,2000
"Anjos2004","FJ",-23.49555556,-51.08861111,393,"terrestrial",43,2000
"Anjos2004","FM",-23.47027778,-51.04805556,564,"terrestrial",43,2000
"Anjos2004","FN",-23.39444444,-51.01611111,387,"terrestrial",43,2000
"Anjos2004","FO",-23.445,-51.00333333,70,"terrestrial",43,2000
"Anjos2004","HI",-23.25583333,-51.03083333,60,"terrestrial",40,1997
"Anjos2004","PG",-23.45222222,-51.25222222,656,"terrestrial",40,1997
"Araujo2013","LFR1",-9.026319445,-35.84484723,3227.3,"terrestrial",NA,2012
"Araujo2013","LFR2",-9.245097223,-35.83166667,2861.6,"terrestrial",NA,2012
"Araujo2013","LFR3",-9.225611111,-35.89434722,7787.5,"terrestrial",NA,2012
"Araujo2013","MFR1",-9.152777778,-35.81488889,128.5,"terrestrial",NA,2012
"Araujo2013","MFR2",-9.3035,-35.8405,155.5,"terrestrial",NA,2012
"Araujo2013","MFR3",-9.094222222,-35.82813889,198.1,"terrestrial",NA,2012
"Araujo2013","MFR4",-9.066333333,-35.77116667,315.3,"terrestrial",NA,2012
"Araujo2013","MFR5",-9.061333333,-35.75216667,338.1,"terrestrial",NA,2012
"Araujo2013","MFR6",-9.165555556,-35.82594444,454.1,"terrestrial",NA,2012
"Araujo2013","SFR1",-9.226,-35.84969444,22.9,"terrestrial",NA,2012
"Araujo2013","SFR2",-9.310916667,-35.89777778,24.4,"terrestrial",NA,2012
"Araujo2013","SFR3",-9.246805556,-35.80588889,26.1,"terrestrial",NA,2012
"Araujo2013","SFR4",-9.142666667,-35.82516667,34.1,"terrestrial",NA,2012
"Araujo2013","SFR5",-9.093361111,-35.80891667,47.4,"terrestrial",NA,2012
"Araujo2013","SFR6",-9.098472222,-35.77302778,76.6,"terrestrial",NA,2012
"Aurelio-Silva2016","Abusado",-1.761111111,-59.67805556,13.4,"aquatic",22,2009
"Aurelio-Silva2016","Anta",-1.794444444,-59.37527778,16.6,"aquatic",22,2009
"Aurelio-Silva2016","Bacaba",-1.5,-59.8225,53.3,"aquatic",22,2009
"Aurelio-Silva2016","Bacaba II",-1.502777778,-59.81972222,13.5,"aquatic",22,2009
"Aurelio-Silva2016","Bacaba III",-1.511388889,-59.79916667,38.7,"aquatic",22,2009
"Aurelio-Silva2016","Bacaba IV",-1.503888889,-59.79833333,13.4,"aquatic",22,2009
"Aurelio-Silva2016","Bacaba V",-1.509166667,-59.79722222,37.1,"aquatic",22,2009
"Aurelio-Silva2016","Beco do Catitu",-1.735,-59.70361111,637.5,"aquatic",22,2009
"Aurelio-Silva2016","Cipoal",-1.695,-59.78138889,218.7,"aquatic",22,2009
"Aurelio-Silva2016","Coata",-1.486944444,-59.78722222,17.5,"aquatic",22,2009
"Aurelio-Silva2016","Furo",-1.746111111,-59.44,193,"aquatic",22,2009
"Aurelio-Silva2016","Fuzaca",-1.5,-59.85222222,761,"aquatic",22,2009
"Aurelio-Silva2016","Gaviao Real",-1.612222222,-59.63527778,1690,"aquatic",22,2009
"Aurelio-Silva2016","Martelo",-1.667777778,-59.70861111,471,"aquatic",22,2009
"Aurelio-Silva2016","Palhal",-1.791666667,-59.44777778,21.2,"aquatic",22,2009
"Aurelio-Silva2016","Panema",-1.773611111,-59.69194444,3.5,"aquatic",22,2009
"Aurelio-Silva2016","Panema II",-1.777777778,-59.69305556,28.1,"aquatic",22,2009
"Aurelio-Silva2016","Panema III",-1.772777778,-59.69611111,33,"aquatic",22,2009
"Aurelio-Silva2016","Panema IV",-1.509444444,-59.80527778,52.6,"aquatic",22,2009
"Aurelio-Silva2016","Piquia",-1.505,-59.78944444,13.6,"aquatic",22,2009
"Aurelio-Silva2016","Pontal",-1.833055556,-59.68861111,110.4,"aquatic",22,2009
"Aurelio-Silva2016","Porto",-1.799444444,-59.51555556,1466,"aquatic",22,2009
"Aurelio-Silva2016","Relogio",-1.676111111,-59.64833333,72.1,"aquatic",22,2009
"Aurelio-Silva2016","Sapupara",-1.6975,-59.61055556,78.4,"aquatic",22,2009
"Aurelio-Silva2016","Sem nome",-1.781388889,-59.68833333,17.3,"aquatic",22,2009
"Aurelio-Silva2016","Vizinha Beco",-1.735833333,-59.72444444,170,"aquatic",22,2009
"Aurelio-Silva2016","Vizinha Furo",-1.737222222,-59.42361111,312,"aquatic",22,2009
"Bispo2010","g1",-21.22,-48.91777778,1695.87,"terrestrial",NA,2007
"Bispo2010","g3",-21.40472222,-49.50027778,194.04,"terrestrial",NA,2007
"Bispo2010","g4",-21.00138889,-49.97388889,227.07,"terrestrial",NA,2007
"Bispo2010","g5",-20.92111111,-49.92611111,1779.39,"terrestrial",NA,2007
"Bispo2010","g6",-20.47361111,-50.29333333,1643.49,"terrestrial",NA,2008
"Bispo2010","g7",-20.54305556,-49.24333333,647.37,"terrestrial",NA,2008
"Bispo2010","g8",-20.48472222,-48.8225,468.9,"terrestrial",NA,2008
"Bispo2010","g9",-20.09055556,-48.05444444,2192.76,"terrestrial",NA,2007
"Bispo2010","p1",-21.62055556,-48.53722222,116.64,"terrestrial",NA,2007
"Bispo2010","p2",-20.74277778,-49.92805556,66.8,"terrestrial",NA,2007
"Bispo2010","p3",-20.07833333,-49.92361111,103.05,"terrestrial",NA,2007
"Bispo2010","p4",-20.05083333,-50.08666667,153.99,"terrestrial",NA,2007
"Bispo2010","p5",-20.00361111,-50.43388889,167.67,"terrestrial",NA,2008
"Bispo2010","p6",-20.28833333,-49.05027778,88.29,"terrestrial",NA,2008
"Bispo2010","p7",-20.32111111,-49.50472222,89.73,"terrestrial",NA,2008
"Bispo2010","p8",-20.63722222,-48.75166667,58.59,"terrestrial",NA,2008
"Bispo2010","p9",-21.40222222,-48.68722222,96.48,"terrestrial",NA,2008
"Boesing2018MG","P02a",-21.893527,-46.716407,91.92,"terrestrial",NA,2014
"Boesing2018MG","P02b",-21.903241,-46.722917,325.02,"terrestrial",NA,2014
"Boesing2018MG","P02c",-21.918017,-46.72544,325.02,"terrestrial",NA,2014
"Boesing2018MG","P02d",-21.907114,-46.724968,325.02,"terrestrial",NA,2014
"Boesing2018MG","P09a",-21.623809,-46.522063,9.22,"terrestrial",NA,2014
"Boesing2018MG","P09b",-21.636142,-46.525002,6.14,"terrestrial",NA,2014
"Boesing2018MG","P09c",-21.636164,-46.547702,12.17,"terrestrial",NA,2014
"Boesing2018MG","P09d",-21.630499,-46.529493,5.98,"terrestrial",NA,2014
"Boesing2018MG","P10a",-21.768312,-46.460729,20.96,"terrestrial",NA,2014
"Boesing2018MG","P10b",-21.774978,-46.449844,29.37,"terrestrial",NA,2014
"Boesing2018MG","P10c",-21.781053,-46.442096,58.04,"terrestrial",NA,2014
"Boesing2018MG","P10d",-21.783675,-46.467287,63.44,"terrestrial",NA,2014
"Boesing2018MG","P11a",-21.423537,-46.692221,57.01,"terrestrial",NA,2014
"Boesing2018MG","P11b",-21.416016,-46.697199,223.1,"terrestrial",NA,2014
"Boesing2018MG","P11c",-21.429009,-46.699715,28.05,"terrestrial",NA,2014
"Boesing2018MG","P11d",-21.427136,-46.716848,5.8,"terrestrial",NA,2014
"Boesing2018MG","P12a",-21.494243,-46.720693,74.6,"terrestrial",NA,2014
"Boesing2018MG","P12b",-21.498969,-46.713165,74.6,"terrestrial",NA,2014
"Boesing2018MG","P12c",-21.482757,-46.707704,250.56,"terrestrial",NA,2014
"Boesing2018MG","P12d",-21.490486,-46.69616,250.56,"terrestrial",NA,2014
"Boesing2018MG","P19a",-21.346338,-46.683791,64.23,"terrestrial",NA,2014
"Boesing2018MG","P19b",-21.335714,-46.66788,571.94,"terrestrial",NA,2014
"Boesing2018MG","P19c",-21.331649,-46.674212,571.94,"terrestrial",NA,2014
"Boesing2018MG","P19d",-21.344872,-46.66749,571.94,"terrestrial",NA,2014
"Boesing2018MG","P26a",-21.694339,-46.525211,12.16,"terrestrial",NA,2014
"Boesing2018MG","P26b",-21.693064,-46.538588,7.41,"terrestrial",NA,2014
"Boesing2018MG","P26c",-21.708068,-46.539122,27.27,"terrestrial",NA,2014
"Boesing2018MG","P26d",-21.687999,-46.533244,97.43,"terrestrial",NA,2014
"Boesing2018MG","P27a",-21.803617,-46.685762,75.16,"terrestrial",NA,2014
"Boesing2018MG","P27b",-21.795976,-46.677992,41.27,"terrestrial",NA,2014
"Boesing2018MG","P27c",-21.800277,-46.664632,26.21,"terrestrial",NA,2014
"Boesing2018MG","P27d",-21.80394,-46.667343,26.21,"terrestrial",NA,2014
"Boesing2018MG","P28a",-21.729406,-46.469922,19.73,"terrestrial",NA,2014
"Boesing2018MG","P28b",-21.717123,-46.482764,20.18,"terrestrial",NA,2014
"Boesing2018MG","P28c",-21.74299,-46.473421,213.49,"terrestrial",NA,2014
"Boesing2018MG","P28d",-21.728404,-46.485011,213.49,"terrestrial",NA,2014
"Boesing2018MG","P30a",-21.69726,-46.627983,75.9,"terrestrial",NA,2014
"Boesing2018MG","P30b",-21.70397,-46.615919,68.76,"terrestrial",NA,2014
"Boesing2018MG","P30c",-21.704452,-46.601962,2.33,"terrestrial",NA,2014
"Boesing2018MG","P30d",-21.692802,-46.601451,78.63,"terrestrial",NA,2014
"Boesing2018SP","148a",-23.234507,-46.340861,6.32,"terrestrial",NA,2014
"Boesing2018SP","148b",-23.226859,-46.347588,104.49,"terrestrial",NA,2014
"Boesing2018SP","148c",-23.252134,-46.348455,7.52,"terrestrial",NA,2014
"Boesing2018SP","148d",-23.247073,-46.33338,554.69,"terrestrial",NA,2014
"Boesing2018SP","215a",-23.132461,-46.409023,2.71,"terrestrial",NA,2014
"Boesing2018SP","215b",-23.126614,-46.423922,2.09,"terrestrial",NA,2014
"Boesing2018SP","215c",-23.117966,-46.421527,165.5,"terrestrial",NA,2014
"Boesing2018SP","215d",-23.126446,-46.414982,165.5,"terrestrial",NA,2014
"Boesing2018SP","220a",-23.122991,-46.214796,89.75,"terrestrial",NA,2014
"Boesing2018SP","220b",-23.147447,-46.218778,1.91,"terrestrial",NA,2014
"Boesing2018SP","220c",-23.134973,-46.227341,13.69,"terrestrial",NA,2014
"Boesing2018SP","220d",-23.139,-46.224741,19.94,"terrestrial",NA,2014
"Boesing2018SP","263a",-23.076522,-46.348419,8.82,"terrestrial",NA,2014
"Boesing2018SP","263b",-23.068372,-46.354735,3.24,"terrestrial",NA,2014
"Boesing2018SP","263c",-23.067075,-46.329565,7.53,"terrestrial",NA,2014
"Boesing2018SP","263d",-23.07844,-46.334161,32.49,"terrestrial",NA,2014
"Boesing2018SP","266a",-23.053978,-46.214334,3.44,"terrestrial",NA,2014
"Boesing2018SP","266b",-23.060566,-46.223643,2.8,"terrestrial",NA,2014
"Boesing2018SP","266c",-23.064384,-46.240824,271.95,"terrestrial",NA,2014
"Boesing2018SP","266d",-23.075528,-46.218515,40.88,"terrestrial",NA,2014
"Boesing2018SP","282a",-23.026392,-46.51493,35.21,"terrestrial",NA,2014
"Boesing2018SP","282b",-23.031375,-46.49008,13.87,"terrestrial",NA,2014
"Boesing2018SP","282c",-23.040601,-46.495779,6.33,"terrestrial",NA,2014
"Boesing2018SP","282d",-23.021367,-46.48933,4.2,"terrestrial",NA,2014
"Boesing2018SP","291a",-23.076062,-46.166196,122.27,"terrestrial",NA,2014
"Boesing2018SP","291b",-23.062984,-46.169567,11.57,"terrestrial",NA,2014
"Boesing2018SP","291c",-23.053508,-46.167774,851.88,"terrestrial",NA,2014
"Boesing2018SP","291d",-23.067822,-46.15985,122.27,"terrestrial",NA,2014
"Boesing2018SP","317a",-23.005108,-46.031863,137.89,"terrestrial",NA,2014
"Boesing2018SP","317b",-22.990606,-46.026801,547.9,"terrestrial",NA,2014
"Boesing2018SP","317c",-22.988328,-46.018391,547.9,"terrestrial",NA,2014
"Boesing2018SP","317d",-22.990172,-46.054657,536.04,"terrestrial",NA,2014
"Boesing2018SP","329a",-22.946193,-46.447086,1.83,"terrestrial",NA,2014
"Boesing2018SP","329b",-22.946142,-46.475158,28.83,"terrestrial",NA,2014
"Boesing2018SP","329c",-22.960502,-46.477117,31.4,"terrestrial",NA,2014
"Boesing2018SP","329d",-22.945779,-46.465213,60.89,"terrestrial",NA,2014
"Boesing2018SP","333a",-22.957719,-46.279791,25.44,"terrestrial",NA,2014
"Boesing2018SP","333b",-22.945271,-46.297618,4.52,"terrestrial",NA,2014
"Boesing2018SP","333c",-22.956441,-46.302927,6.92,"terrestrial",NA,2014
"Boesing2018SP","333d",-22.963179,-46.291347,29.88,"terrestrial",NA,2014
"Boesing2018SP","335a",-22.944558,-46.212034,40.9,"terrestrial",NA,2014
"Boesing2018SP","335b",-22.969748,-46.224283,236.75,"terrestrial",NA,2014
"Boesing2018SP","335c",-22.964952,-46.208903,2.17,"terrestrial",NA,2014
"Boesing2018SP","335d",-22.946451,-46.223188,32,"terrestrial",NA,2014
"Boesing2018SP","359a",-22.928004,-46.196169,14.73,"terrestrial",NA,2014
"Boesing2018SP","359b",-22.927764,-46.174233,15.68,"terrestrial",NA,2014
"Boesing2018SP","359c",-22.900814,-46.181972,21.45,"terrestrial",NA,2014
"Boesing2018SP","359d",-22.918479,-46.202058,30.53,"terrestrial",NA,2014
"Boesing2018SP","399a",-22.858825,-46.415727,233.19,"terrestrial",NA,2014
"Boesing2018SP","399b",-22.855627,-46.430277,17.01,"terrestrial",NA,2014
"Boesing2018SP","399c",-22.831698,-46.404701,142.34,"terrestrial",NA,2014
"Boesing2018SP","399d",-22.845393,-46.416643,56.83,"terrestrial",NA,2014
"Bueno2018","Ailton",-4.351666667,-49.58694444,14.74,"aquatic",22,2006
"Bueno2018","Barranco",-4.159444444,-49.56861111,16.99,"aquatic",22,2006
"Bueno2018","Bicuda",-4.158333333,-49.53361111,113.99,"aquatic",22,2006
"Bueno2018","Carrapato",-4.398888889,-49.57277778,19.17,"aquatic",22,2006
"Bueno2018","Castanha",-4.150833333,-49.55666667,4.29,"aquatic",22,2006
"Bueno2018","Caua",-4.388333333,-49.56888889,3.39,"aquatic",22,2006
"Bueno2018","Chifre",-4.287777778,-49.63444444,34.79,"aquatic",22,2006
"Bueno2018","Chuva",-4.183055556,-49.54138889,3.79,"aquatic",22,2006
"Bueno2018","Cornelio",-4.2875,-49.46805556,178.27,"aquatic",22,2006
"Bueno2018","Cornelio_Jr",-4.295,-49.48472222,36.18,"aquatic",22,2006
"Bueno2018","Divisa",-4.206111111,-49.50111111,2551.45,"aquatic",22,2006
"Bueno2018","Duca",-4.286388889,-49.50694444,11.02,"aquatic",22,2006
"Bueno2018","Eduardo",-4.308888889,-49.65472222,251.93,"aquatic",22,2006
"Bueno2018","Embauba",-4.302222222,-49.63666667,28.32,"aquatic",22,2006
"Bueno2018","Fantasia",-4.256666667,-49.50194444,26.06,"aquatic",22,2006
"Bueno2018","Fora",-4.140555556,-49.56583333,5.95,"aquatic",22,2006
"Bueno2018","Gito",-4.297777778,-49.61305556,33.19,"aquatic",22,2006
"Bueno2018","Guariba",-4.1775,-49.54444444,19.5,"aquatic",22,2006
"Bueno2018","Juarez",-4.274722222,-49.51555556,91.55,"aquatic",22,2006
"Bueno2018","Lobao",-4.306111111,-49.62722222,17.09,"aquatic",22,2006
"Bueno2018","Lucyana",-4.169166667,-49.56305556,98.23,"aquatic",22,2006
"Bueno2018","Marcelo",-4.154722222,-49.54583333,342.43,"aquatic",22,2006
"Bueno2018","Miudo",-4.420833333,-49.55444444,57.75,"aquatic",22,2006
"Bueno2018","Nivia_B3",-4.293888889,-49.62361111,18.3,"aquatic",22,2006
"Bueno2018","Nivia_B4",-4.249444444,-49.49472222,40.52,"aquatic",22,2006
"Bueno2018","Panema",-4.175833333,-49.55138889,5.4,"aquatic",22,2006
"Bueno2018","Pedral",-4.378888889,-49.59194444,1823.35,"aquatic",22,2006
"Bueno2018","Placa",-4.32,-49.63083333,22.95,"aquatic",22,2006
"Bueno2018","Prefeito",-4.330833333,-49.62638889,198.66,"aquatic",22,2006
"Bueno2018","Queimada",-4.273055556,-49.64861111,43.09,"aquatic",22,2006
"Bueno2018","Roca",-4.428055556,-49.56055556,34.35,"aquatic",22,2006
"Bueno2018","Sidnei",-4.346388889,-49.62555556,34.62,"aquatic",22,2006
"Bueno2018","Tamarindo",-4.269166667,-49.66361111,232.74,"aquatic",22,2006
"Bueno2018","Tiago_B4",-4.231111111,-49.50527778,32.53,"aquatic",22,2006
"Bueno2018","Urubu-rei",-4.268055556,-49.49027778,31.61,"aquatic",22,2006
"Bueno2018","Vandir",-4.375277778,-49.56305556,24.39,"aquatic",22,2006
"Bueno2020","Abusado",-1.76221,-59.67875,13.31,"aquatic",28,2015
"Bueno2020","Adeus",-1.87378,-59.6624,50.08,"aquatic",28,2015
"Bueno2020","Andre",-1.58461,-59.87198,2.08,"aquatic",28,2015
"Bueno2020","Arrepiado",-1.51512,-59.73919,7.43,"aquatic",28,2015
"Bueno2020","Bacaba",-1.50413,-59.82236,53.35,"aquatic",28,2015
"Bueno2020","Beco_do_Catitu",-1.73954,-59.705,638.66,"aquatic",28,2015
"Bueno2020","Cafundo",-1.50042,-59.6102,2.63,"aquatic",28,2015
"Bueno2020","Cipoal",-1.6983,-59.78477,217.63,"aquatic",28,2015
"Bueno2020","Coata",-1.48824,-59.78702,16.94,"aquatic",28,2015
"Bueno2020","Formiga",-1.83338,-59.42115,1.54,"aquatic",28,2015
"Bueno2020","Furo_de_Santa_Luzia",-1.7404,-59.44206,198.52,"aquatic",28,2015
"Bueno2020","Fuzaca",-1.49238,-59.85987,941.71,"aquatic",28,2015
"Bueno2020","Garrafa",-1.58859,-59.83555,9.42,"aquatic",28,2015
"Bueno2020","Gaviao_real",-1.59599,-59.63279,1698.84,"aquatic",28,2015
"Bueno2020","Jabuti",-1.62625,-59.75667,232.49,"aquatic",28,2015
"Bueno2020","Jiquitaia",-1.83569,-59.59568,6.79,"aquatic",28,2015
"Bueno2020","Joaninha",-1.52272,-59.82891,0.63,"aquatic",28,2015
"Bueno2020","Martelo",-1.66407,-59.71429,466.6,"aquatic",28,2015
"Bueno2020","Mascote",-1.64884,-59.83285,668.03,"aquatic",28,2015
"Bueno2020","Moita",-1.55987,-59.89247,91.3,"aquatic",28,2015
"Bueno2020","Neto",-1.84149,-59.35228,32.87,"aquatic",28,2015
"Bueno2020","Palhal",-1.79036,-59.4479,21.37,"aquatic",28,2015
"Bueno2020","Panema",-1.77448,-59.69241,3.08,"aquatic",28,2015
"Bueno2020","Pe_Torto",-1.76646,-59.36351,4.98,"aquatic",28,2015
"Bueno2020","Piquia",-1.50647,-59.78897,13.04,"aquatic",28,2015
"Bueno2020","Pontal",-1.83105,-59.68658,108.76,"aquatic",28,2015
"Bueno2020","Porto_Seguro",-1.78009,-59.51723,1350.56,"aquatic",28,2015
"Bueno2020","Relogio",-1.68189,-59.65259,70.55,"aquatic",28,2015
"Bueno2020","Sapupara",-1.69713,-59.61263,77.8,"aquatic",28,2015
"Bueno2020","Torem",-1.82947,-59.63244,3.62,"aquatic",28,2015
"Bueno2020","Tristeza",-1.76752,-59.75447,499.91,"aquatic",28,2015
"Bueno2020","Tucumari",-1.59151,-59.42986,336.02,"aquatic",28,2015
"Bueno2020","Xibe",-1.46889,-59.8363,0.91,"aquatic",28,2015
"Carrara2015","Site_1",16.077253,-90.988512,62.92,"terrestrial",40,2012
"Carrara2015","Site_10",16.250502,-90.840852,33.37,"terrestrial",40,2012
"Carrara2015","Site_11",16.296988,-90.765506,75.85,"terrestrial",40,2012
"Carrara2015","Site_12",16.086177,-90.841814,33.22,"terrestrial",40,2012
"Carrara2015","Site_13",16.101732,-90.947834,2.8,"terrestrial",40,2012
"Carrara2015","Site_14",16.080042,-90.871456,91.93,"terrestrial",40,2012
"Carrara2015","Site_15",16.076368,-90.777613,6.01,"terrestrial",40,2012
"Carrara2015","Site_16",16.138198,-90.721778,72.08,"terrestrial",40,2012
"Carrara2015","Site_17",16.086329,-90.906107,37.83,"terrestrial",40,2012
"Carrara2015","Site_2",16.078961,-91.071913,37.82,"terrestrial",40,2012
"Carrara2015","Site_3",16.086378,-91.038907,14.46,"terrestrial",40,2012
"Carrara2015","Site_4",16.097376,-91.004993,20.28,"terrestrial",40,2012
"Carrara2015","Site_5",16.084435,-90.969188,65.46,"terrestrial",40,2012
"Carrara2015","Site_6",16.152611,-90.901493,28.05,"terrestrial",40,2012
"Carrara2015","Site_7",16.159763,-90.858527,20.56,"terrestrial",40,2012
"Carrara2015","Site_8",16.179139,-90.879728,51.27,"terrestrial",40,2012
"Carrara2015","Site_9",16.213517,-90.839413,17.97,"terrestrial",40,2012
"Claessens2002","i2",4.873291,-53.069097,28,"aquatic",1,1995
"Claessens2002","i20",4.869035,-53.054537,7.5,"aquatic",1,1995
"Claessens2002","i21",4.876669,-53.067222,2.5,"aquatic",1,1995
"Claessens2002","i22",4.868205,-53.057669,0.8,"aquatic",1,1995
"Claessens2002","i23",4.865637,-53.073296,0.5,"aquatic",1,1995
"Claessens2002","i24",4.864383,-53.074123,1.9,"aquatic",1,1995
"Claessens2002","i27",4.844771,-53.080015,0.4,"aquatic",1,1995
"Claessens2002","i40",4.847176,-53.083314,0.5,"aquatic",1,1995
"Claessens2002","i44",4.857657,-53.081473,1.4,"aquatic",1,1995
"Claessens2002","i45",4.853639,-53.084423,0.9,"aquatic",1,1995
"Claessens2002","i47",4.859702,-53.075205,0.5,"aquatic",1,1995
"Claessens2002","i5",4.873229,-53.059586,2,"aquatic",1,1995
"Claessens2002","i53",4.862442,-53.075006,1.5,"aquatic",1,1995
"Claessens2002","i6",4.868693,-53.060577,2.2,"aquatic",1,1995
"Claessens2002","i7",4.8655,-53.070863,0.3,"aquatic",1,1995
"Daily2001","CAS",8.784285,-82.953712,25,"terrestrial",25,1995
"Daily2001","LC",8.794405,-82.971978,227,"terrestrial",25,1995
"Daily2001","LGS",8.79029,-82.986532,1,"terrestrial",25,1995
"Daily2001","LSL",8.788342,-83.000668,0.3,"terrestrial",25,1995
"Daily2001","LST",8.786205,-82.99813,0.3,"terrestrial",25,1995
"Daily2001","RRR",8.787553,-82.992616,25,"terrestrial",25,1995
"Daily2001","RT",8.78878,-82.988699,0.3,"terrestrial",25,1995
"Daily2001","UGS",8.789218,-82.987166,1,"terrestrial",25,1995
"Daily2001","VV",8.784849,-82.982363,15,"terrestrial",25,1995
"Dami2013","Avasie Agese",6.369753333,9.393696667,6.9,"terrestrial",40,2006
"Dami2013","Bakers Camp",6.419341667,9.340631667,7.6,"terrestrial",40,2006
"Dami2013","Becheve Nature Reserve",6.381511667,9.376466667,22.9,"terrestrial",40,2006
"Dami2013","Becheve Nature Reserve Extension",6.377478333,9.380135,23.3,"terrestrial",40,2006
"Dami2013","Bokas camp",6.421186667,9.353076667,4.6,"terrestrial",40,2006
"Dami2013","Emba",6.375353333,9.378011667,10.5,"terrestrial",40,2006
"Dami2013","Ettoto",6.364281667,9.379985,19.6,"terrestrial",40,2006
"Dami2013","Fulani Area",6.360633333,9.391143333,3.8,"terrestrial",40,2006
"Dami2013","Golf Course",6.374516667,9.377388333,17.8,"terrestrial",40,2006
"Dami2013","Grotto",6.374301667,9.382238333,4.2,"terrestrial",40,2006
"Dami2013","Holy Mountain",6.355055,9.384878333,9.3,"terrestrial",40,2006
"Dami2013","Intact",6.369966667,9.379685,0.8,"terrestrial",40,2006
"Dami2013","Mile One",6.376276667,9.389148333,0.9,"terrestrial",40,2006
"Dami2013","Mile One Extension",6.376683333,9.386486667,0.7,"terrestrial",40,2006
"Dami2013","Okezor",6.425178333,9.349558333,9,"terrestrial",40,2006
"Dami2013","Yaro A",6.423461667,9.350695,1.6,"terrestrial",40,2006
"Dami2013","Yaro B",6.42608,9.346211667,0.7,"terrestrial",40,2006
"Dami2013","Yaro Overside",6.424255,9.341748333,1.2,"terrestrial",40,2006
"Dami2013","Yaya A",6.361298333,9.394963333,0.5,"terrestrial",40,2006
"Dami2013","Yaya B",6.364453333,9.396486667,0.3,"terrestrial",40,2006
"Develey2004CAU","Bj",-23.71588201,-47.07285342,14,"terrestrial",NA,2000
"Develey2004CAU","Da",-23.73531707,-47.05896186,19,"terrestrial",NA,2000
"Develey2004CAU","La",-23.71567382,-47.11357659,14,"terrestrial",NA,2000
"Develey2004CAU","Li",-23.72884024,-47.11609204,29,"terrestrial",NA,2000
"Develey2004CAU","Mk",-23.72661007,-47.06076183,52,"terrestrial",NA,2000
"Develey2004CAU","Pd",-23.73793217,-47.07165262,175,"terrestrial",NA,2000
"Develey2004CAU","Pe",-23.71559935,-47.09423193,53,"terrestrial",NA,2000
"Develey2004CAU","Tk",-23.70259846,-47.08090024,99,"terrestrial",NA,2000
"Develey2004IBI","Bm",-23.58908859,-47.26866141,115,"terrestrial",NA,2000
"Develey2004IBI","Ga",-23.63557006,-47.29401446,136,"terrestrial",NA,2000
"Develey2004IBI","Ha",-23.61065705,-47.27319095,42,"terrestrial",NA,2000
"Develey2004IBI","He",-23.61060999,-47.31624088,491,"terrestrial",NA,2000
"Develey2004IBI","Jc",-23.62095355,-47.38198346,24,"terrestrial",NA,2000
"Develey2004IBI","Ln",-23.58239464,-47.24459561,102,"terrestrial",NA,2000
"Develey2004IBI","Rc",-23.601089,-47.334314,32,"terrestrial",NA,2000
"Develey2004IBI","Ur",-23.61029841,-47.38572894,27,"terrestrial",NA,2000
"Develey2004TAP","Be",-23.90589359,-47.4732152,27,"terrestrial",NA,2000
"Develey2004TAP","Clau",-23.83429987,-47.44718073,127,"terrestrial",NA,2000
"Develey2004TAP","Jp",-23.84396823,-47.44878427,25,"terrestrial",NA,2000
"Develey2004TAP","Ma",-23.91836714,-47.45672297,90,"terrestrial",NA,2000
"Develey2004TAP","Me",-23.91549966,-47.47962431,126,"terrestrial",NA,2000
"Develey2004TAP","Nv",-23.90415124,-47.49092272,19,"terrestrial",NA,2000
"Develey2004TAP","Od",-23.87983498,-47.43905141,158,"terrestrial",NA,2000
"Develey2004TAP","Tb",-23.90132022,-47.47588194,21,"terrestrial",NA,2000
"Edwards2010","Site M1",4.666033333,118.1715833,1.5,"terrestrial",43,2008
"Edwards2010","Site S1",5.148066667,118.4338167,3.2,"terrestrial",43,2008
"Edwards2010","Site S2",5.138733333,118.4366,1,"terrestrial",43,2008
"Edwards2010","Site S3",5.14375,118.43875,87.1,"terrestrial",43,2008
"Edwards2010","Site S4",5.147633333,118.41325,9,"terrestrial",43,2008
"Edwards2010","Site S5",5.143333333,118.4164,54.5,"terrestrial",43,2008
"Edwards2010","Site S6",5.13805,118.41965,0.7,"terrestrial",43,2008
"Edwards2010","Site S7",5.137016667,118.4353667,12.2,"terrestrial",43,2008
"Edwards2010","Site S8",5.210183333,118.4444833,13.2,"terrestrial",43,2008
"Edwards2010","Sungang 1",4.709183333,118.0988667,4.5,"terrestrial",43,2008
"Edwards2010","Sungang 2",4.670716667,118.112,60,"terrestrial",43,2008
"Edwards2010","Tiger 1",4.421883333,117.8312333,6,"terrestrial",43,2008
"Feeley2003","Afuera",7.342722918,-62.8426811,0.2,"aquatic",32,2000
"Feeley2003","Alquila",7.204161295,-62.83515662,1.3,"aquatic",32,2000
"Feeley2003","Ambar",7.237654735,-62.81849513,8.3,"aquatic",32,2000
"Feeley2003","Baya",7.236920929,-62.82993435,0.6,"aquatic",32,2000
"Feeley2003","Bumeran",7.339364042,-62.84991199,0.7,"aquatic",32,2000
"Feeley2003","Chiquire",7.235942565,-62.83712502,0.3,"aquatic",32,2000
"Feeley2003","Chuta",7.227895084,-62.83258989,2.3,"aquatic",32,2000
"Feeley2003","Cola",7.234951823,-62.83605222,0.98,"aquatic",32,2000
"Feeley2003","Colon",7.247046555,-62.82773675,0.6,"aquatic",32,2000
"Feeley2003","Corral",7.335320424,-62.85653009,7.6,"aquatic",32,2000
"Feeley2003","Danto Machado",7.357336134,-62.87427555,189.8,"aquatic",32,2000
"Feeley2003","Densa",7.234634856,-62.85005036,0.6,"aquatic",32,2000
"Feeley2003","Galbilon",7.251197864,-62.84415733,2.6,"aquatic",32,2000
"Feeley2003","Grande",7.321655988,-62.84248014,88.1,"aquatic",32,2000
"Feeley2003","Iguana",7.238658035,-62.83808693,0.7,"aquatic",32,2000
"Feeley2003","Lomo",7.333074459,-62.83966752,11.4,"aquatic",32,2000
"Feeley2003","Matajei",7.204863225,-62.83401698,0.83,"aquatic",32,2000
"Feeley2003","Miedo",7.29440454,-62.82078493,0.6,"aquatic",32,2000
"Feeley2003","Palizada",7.313349036,-62.86060045,1.1,"aquatic",32,2000
"Feeley2003","Paloma",7.202017374,-62.83130579,0.6,"aquatic",32,2000
"Feeley2003","Panorama",7.342156374,-62.84797468,10.2,"aquatic",32,2000
"Feeley2003","Perimetro",7.356032925,-62.86446357,1.5,"aquatic",32,2000
"Feeley2003","Reinita",7.245813121,-62.82860422,0.2,"aquatic",32,2000
"Feeley2003","Rocas",7.27784784,-62.83695324,0.6,"aquatic",32,2000
"Feeley2003","Soletario",7.333976305,-62.85346766,2.44,"aquatic",32,2000
"Feeley2003","Sombrero",7.367750582,-62.85420141,21.4,"aquatic",32,2000
"Feeley2003","Sudor",7.353941828,-62.86255546,0.6,"aquatic",32,2000
"Feeley2003","Triangulo",7.354639065,-62.85969369,2.3,"aquatic",32,2000
"Feeley2003","Tucucito",7.226160122,-62.83181583,1.52,"aquatic",32,2000
"Gillespie2001","Chacocente",11.52975,-86.167497,1500,"terrestrial",NA,1994
"Gillespie2001","Cosiguina",13.003689,-87.575628,5132,"terrestrial",NA,1994
"Gillespie2001","La Flor",11.112961,-85.773556,449,"terrestrial",NA,1994
"Gillespie2001","Masaya",12.002378,-86.156639,1300,"terrestrial",NA,1994
"Gillespie2001","Ometepe",11.582039,-85.597542,420,"terrestrial",NA,1994
"Gillespie2001","Palo Verde",10.345311,-85.331161,1646,"terrestrial",NA,1994
"Gillespie2001","Santa Rosa",10.839379,-85.61355,3556,"terrestrial",NA,1994
"Hatfield2020","f1",-23.203034,-45.371741,11.2,"terrestrial",NA,2015
"Hatfield2020","f10",-23.284673,-45.1764,50.9,"terrestrial",NA,2015
"Hatfield2020","f11",-23.329838,-45.176459,2094.7,"terrestrial",NA,2015
"Hatfield2020","f12",-23.329827,-45.186241,49.4,"terrestrial",NA,2015
"Hatfield2020","f14",-23.389917,-46.008329,72.1,"terrestrial",NA,2015
"Hatfield2020","f15",-23.399197,-45.969256,20,"terrestrial",NA,2015
"Hatfield2020","f16",-23.212214,-45.303355,5.4,"terrestrial",NA,2015
"Hatfield2020","f17",-23.220586,-45.547714,56.9,"terrestrial",NA,2015
"Hatfield2020","f18",-23.274713,-45.56749,7.9,"terrestrial",NA,2015
"Hatfield2020","f19",-23.320258,-45.450314,33.8,"terrestrial",NA,2015
"Hatfield2020","f2",-23.221301,-45.274054,211.7,"terrestrial",NA,2015
"Hatfield2020","f20",-23.356209,-45.509136,8.2,"terrestrial",NA,2015
"Hatfield2020","f21",-23.527624,-45.568569,13.2,"terrestrial",NA,2015
"Hatfield2020","f22",-23.508673,-45.774172,22.3,"terrestrial",NA,2015
"Hatfield2020","f23",-23.310541,-45.645882,165.8,"terrestrial",NA,2015
"Hatfield2020","f24",-23.527694,-45.548977,5.8,"terrestrial",NA,2015
"Hatfield2020","f25",-23.544652,-45.803773,14.7,"terrestrial",NA,2015
"Hatfield2020","f26",-23.472734,-45.734795,84.1,"terrestrial",NA,2015
"Hatfield2020","f27",-23.490978,-45.695724,19.6,"terrestrial",NA,2015
"Hatfield2020","f28",-23.203352,-45.195838,945.9,"terrestrial",NA,2015
"Hatfield2020","f29",-23.265913,-45.499015,12.8,"terrestrial",NA,2015
"Hatfield2020","f3",-23.275548,-45.244832,17.5,"terrestrial",NA,2015
"Hatfield2020","f30",-23.284181,-45.430636,15.2,"terrestrial",NA,2015
"Hatfield2020","f31",-23.103159,-45.547237,404.6,"terrestrial",NA,2015
"Hatfield2020","f32",-23.545082,-45.715602,15.4,"terrestrial",NA,2015
"Hatfield2020","f33",-23.401943,-45.284212,4.5,"terrestrial",NA,2015
"Hatfield2020","f34",-23.139543,-45.469243,18.2,"terrestrial",NA,2015
"Hatfield2020","f35",-23.563527,-45.627515,69.6,"terrestrial",NA,2015
"Hatfield2020","f4",-23.103998,-45.185928,78.8,"terrestrial",NA,2015
"Hatfield2020","f5",-23.257482,-45.244799,181.2,"terrestrial",NA,2015
"Hatfield2020","f6",-23.16667,-45.459568,38.3,"terrestrial",NA,2015
"Hatfield2020","f7",-23.184819,-45.430317,18.1,"terrestrial",NA,2015
"Hatfield2020","f8",-23.112088,-45.57657,61.3,"terrestrial",NA,2015
"Hatfield2020","f9",-23.148813,-45.38136,103.4,"terrestrial",NA,2015
"Henriques2021","Ailton",-4.351667,-49.586944,14.74,"aquatic",21,2005
"Henriques2021","Cornelio",-4.2875,-49.468056,178.27,"aquatic",21,2005
"Henriques2021","Divisa",-4.206111111,-49.50111111,2551.45,"aquatic",21,2005
"Henriques2021","Duca",-4.286389,-49.506944,11.02,"aquatic",21,2005
"Henriques2021","Guariba",-4.1775,-49.544444,19.5,"aquatic",21,2005
"Henriques2021","Joao-do-Bo",-4.3079,-49.4944,18.59,"aquatic",21,2005
"Henriques2021","Juarez",-4.274722,-49.515556,91.55,"aquatic",21,2005
"Henriques2021","Lobao",-4.306111,-49.627222,17.09,"aquatic",21,2005
"Henriques2021","Lucyana",-4.169167,-49.563056,98.23,"aquatic",21,2005
"Henriques2021","Marcelo",-4.154722,-49.545833,342.43,"aquatic",21,2005
"Henriques2021","Nivia_B3",-4.293889,-49.623611,18.3,"aquatic",21,2005
"Henriques2021","Panema",-4.175833,-49.551389,5.4,"aquatic",21,2005
"Henriques2021","Pedral",-4.378888889,-49.59194444,1823.35,"aquatic",21,2005
"Henriques2021","Prefeito",-4.330833,-49.626389,198.66,"aquatic",21,2005
"Henriques2021","Sidnei",-4.346389,-49.625556,34.62,"aquatic",21,2005
"Henriques2021","Soro",-4.3086,-49.6199,7.31,"aquatic",21,2005
"Henriques2021","Tamarindo",-4.269167,-49.663611,232.74,"aquatic",21,2005
"Henriques2021","Tiago_B3",-4.2555,-49.6318,73.81,"aquatic",21,2005
"Holbech2005","Ankasa",5.253053,-2.603686,34870,"terrestrial",NA,1993
"Holbech2005","Boin",5.740116,-2.941326,27770,"terrestrial",NA,1993
"Holbech2005","Bura",5.828244,-2.299964,10310,"terrestrial",NA,1993
"Holbech2005","Cape Three Point",4.828868,-2.047281,5100,"terrestrial",NA,1993
"Holbech2005","Dadiaso",5.986165,-3.024482,17120,"terrestrial",NA,1993
"Holbech2005","Disue",5.900614,-2.979119,2360,"terrestrial",NA,1993
"Holbech2005","Draw",5.206966,-2.343902,23500,"terrestrial",NA,1993
"Holbech2005","Ebi",5.102371,-2.37287,2590,"terrestrial",NA,1993
"Holbech2005","Fure",5.3888,-2.267661,15820,"terrestrial",NA,1993
"Holbech2005","Jema-Assemkrom",5.443597,-2.731199,6600,"terrestrial",NA,1993
"Holbech2005","Mamiri",5.665789,-2.386691,4530,"terrestrial",NA,1993
"Holbech2005","Neung North",5.221018,-2.067219,4500,"terrestrial",NA,1993
"Holbech2005","Subri",5.293157,-1.741479,58790,"terrestrial",NA,1993
"Holbech2005","Tano Nimri",5.631341,-2.617538,20590,"terrestrial",NA,1993
"Holbech2005","Yoyo",5.929259,-2.806997,23570,"terrestrial",NA,1993
"Irving2018","IS05",9.134963,98.614524,9.8,"aquatic",30,2016
"Irving2018","IS06",9.147782,98.621565,49.8,"aquatic",30,2016
"Irving2018","IS07",9.125912,98.630154,1.5,"aquatic",30,2016
"Irving2018","IS39",9.147417,98.634701,0.8,"aquatic",30,2016
"Irving2018","IS41",9.132788,98.602234,0.8,"aquatic",30,2016
"Irving2018","ISX01",9.126772,98.619003,20.8,"aquatic",30,2016
"Irving2018","ISX02",9.148764,98.613428,8.2,"aquatic",30,2016
"Irving2018","ISX03",9.082116,98.656424,19.9,"aquatic",30,2016
"Irving2018","ISX04",9.042945,98.653713,20.9,"aquatic",30,2016
"Irving2018","ISY01",9.166605,98.611407,12.5,"aquatic",30,2016
"Irving2018","ISY02",9.14571,98.62875,14.3,"aquatic",30,2016
"Irving2018","ISY05",9.074364,98.568541,14.8,"aquatic",30,2016
"Irving2018","ISY06",9.062383,98.622297,43.6,"aquatic",30,2016
"Irving2018","ISY07",9.135229,98.666652,35.4,"aquatic",30,2016
"Irving2018","ISY08",9.134511,98.674047,11.8,"aquatic",30,2016
"Irving2018","ISY09",9.130434,98.674604,6.1,"aquatic",30,2016
"Irving2018","ISY10",9.128603,98.668328,1.8,"aquatic",30,2016
"Irving2018","ISY11",9.110775,98.626758,19.1,"aquatic",30,2016
"Irving2018","ISY12",9.081827,98.604726,9.3,"aquatic",30,2016
"Irving2018","ISY14",9.128988,98.632277,4.1,"aquatic",30,2016
"Irving2018","ISY15",9.072106,98.589533,2.7,"aquatic",30,2016
"Irving2018","ISY16",9.099869,98.635581,9.1,"aquatic",30,2016
"Irving2018","ISY17",9.154316,98.635796,0.8,"aquatic",30,2016
"Jensen2005","CH",-9.956138,39.445869,600,"terrestrial",NA,1993
"Jensen2005","KI",-8.330962,39.180025,600,"terrestrial",NA,2001
"Jensen2005","LI",-10.030307,39.492255,400,"terrestrial",NA,1989
"Jensen2005","MA",-8.151356,38.782113,2200,"terrestrial",NA,1990
"Jensen2005","MB",-9.488838,39.245968,500,"terrestrial",NA,1993
"Jensen2005","MK",-10.299437,39.477467,600,"terrestrial",NA,1990
"Jensen2005","MT",-9.021351,39.166234,300,"terrestrial",NA,2001
"Jensen2005","ND",-9.602656,39.637713,1400,"terrestrial",NA,1996
"Jensen2005","RL",-9.73795,39.544803,600,"terrestrial",NA,2001
"Jensen2005","RO",-10.115076,39.18896,2500,"terrestrial",NA,1988
"Jensen2005","RU",-9.384253,39.325233,1000,"terrestrial",NA,1993
"Jensen2020","Iwonde",-7.941067,36.629705,110,"terrestrial",150,1981
"Jensen2020","Iyondo",-8.026966,36.132148,2300,"terrestrial",150,1981
"Jensen2020","Kiranzi-Kitungulu",-8.12607,36.063284,440,"terrestrial",150,1981
"Jensen2020","Kisinga-Rugaro",-7.805292,35.983662,940,"terrestrial",150,1981
"Jensen2020","Kitemele",-8.166727,36.038002,120,"terrestrial",150,1981
"Jensen2020","Mwanihana",-7.794822,36.875065,6940,"terrestrial",150,1981
"Jensen2020","Ndundulu-Luhombero",-7.75582,36.567358,16110,"terrestrial",150,1981
"Jensen2020","Nyumbanitu",-7.832028,36.375128,2790,"terrestrial",150,1981
"Jensen2020","Ukami",-7.888505,36.406777,500,"terrestrial",150,1981
"Jensen2020","Ulongambi",-8.058763,35.918063,1600,"terrestrial",150,1981
"Jensen2020","Uzungwa Scarp",-8.417313,35.961941,7500,"terrestrial",150,1981
"Jyothi2015","Bagavathy Kavu",12.2644,75.13661111,1.92,"terrestrial",NA,2012
"Jyothi2015","Cheemeni Kavu",12.23908333,75.23908333,4,"terrestrial",NA,2012
"Jyothi2015","Edapara Kavu",11.98783333,75.33852778,2.8,"terrestrial",NA,2012
"Jyothi2015","Edayilakadu",12.13631111,75.15663333,6.4,"terrestrial",NA,2012
"Jyothi2015","Iriveri Kavu",11.86025,75.47761111,2.12,"terrestrial",NA,2012
"Jyothi2015","Kammadam Kavu",12.31138889,75.3155,24.4,"terrestrial",NA,2012
"Jyothi2015","Karakka Kavu",12.1895,75.16688889,3.05,"terrestrial",NA,2012
"Jyothi2015","Kudakolangara Kavu",12.19607778,75.21756667,3.4,"terrestrial",NA,2012
"Jyothi2015","Madayi Kavu",12.03325,75.26291667,1.6,"terrestrial",NA,2012
"Jyothi2015","Mannanpurath Kavu",12.25766667,75.13316667,2.8,"terrestrial",NA,2012
"Jyothi2015","Mapetachery Kavu",12.20119444,75.17688889,4,"terrestrial",NA,2012
"Jyothi2015","Neeliyar Kavu",11.98405556,75.36475,8.07,"terrestrial",NA,2012
"Jyothi2015","Poongotu Kavu",11.92075,75.61636111,14.6,"terrestrial",NA,2012
"Jyothi2015","Thazhe Kavu",11.96516667,75.29847222,7.52,"terrestrial",NA,2012
"Jyothi2015","Verikkara Kavu",12.18572222,75.22666667,4.4,"terrestrial",NA,2012
"Kormann2018","B",8.737662333,-82.98141033,1.23,"terrestrial",41,2011
"Kormann2018","C",8.742279,-82.96891667,1.67,"terrestrial",41,2011
"Kormann2018","D",8.777991833,-82.97916767,111.22,"terrestrial",41,2011
"Kormann2018","E",8.817876667,-82.98570167,1.41,"terrestrial",41,2011
"Kormann2018","f1",8.824353,-82.98618433,80,"terrestrial",41,2011
"Kormann2018","f10",8.761902,-82.965087,3.75,"terrestrial",41,2011
"Kormann2018","f12",8.7935782,-82.9263768,35.65,"terrestrial",41,2011
"Kormann2018","f13",8.783321667,-82.93243717,88,"terrestrial",41,2011
"Kormann2018","f15",8.788047,-83.02091467,5,"terrestrial",41,2011
"Kormann2018","f17",8.776258333,-83.00439,1.448,"terrestrial",41,2011
"Kormann2018","f19",8.785446667,-82.95427633,95,"terrestrial",41,2011
"Kormann2018","f2",8.817864833,-82.95285317,40,"terrestrial",41,2011
"Kormann2018","f20",8.801844667,-82.96510933,40.9,"terrestrial",41,2011
"Kormann2018","f21",8.800207,-82.96608967,2.6,"terrestrial",41,2011
"Kormann2018","f22",8.805319333,-82.97135,1.7,"terrestrial",41,2011
"Kormann2018","f24",8.794469667,-82.98122967,20.3,"terrestrial",41,2011
"Kormann2018","f25",8.780852333,-83.000921,358,"terrestrial",41,2011
"Kormann2018","f26",8.781745667,-83.00384767,3.47,"terrestrial",41,2011
"Kormann2018","f3",8.821125667,-82.97833033,48,"terrestrial",41,2011
"Kormann2018","f30",8.778447667,-83.00092433,0.98,"terrestrial",41,2011
"Kormann2018","f33",8.786001833,-82.96540317,364.6,"terrestrial",41,2011
"Kormann2018","f34",8.760336833,-82.92659617,84,"terrestrial",41,2011
"Kormann2018","f35",8.787538,-83.00570683,320,"terrestrial",41,2011
"Kormann2018","f36",8.736783167,-82.92730033,67,"terrestrial",41,2011
"Kormann2018","f37",8.832149333,-82.8944575,46.1,"terrestrial",41,2011
"Kormann2018","f39",8.827711833,-82.92074567,61,"terrestrial",41,2011
"Kormann2018","f40",8.830106333,-82.93536233,89,"terrestrial",41,2011
"Kormann2018","f43",8.860253667,-82.9258845,126,"terrestrial",41,2011
"Kormann2018","f47",8.766784333,-82.957223,2.43,"terrestrial",41,2011
"Kormann2018","f49",8.824649667,-82.94908833,4.6,"terrestrial",41,2011
"Kormann2018","f5",8.769443667,-82.96791233,3.8,"terrestrial",41,2011
"Kormann2018","f50",8.763178333,-82.921695,3.1,"terrestrial",41,2011
"Kormann2018","f52",8.787104667,-82.99937133,1.92,"terrestrial",41,2011
"Kormann2018","f53",8.770527,-83.036562,1089,"terrestrial",41,2011
"Kormann2018","f54",8.794141167,-82.99629283,320,"terrestrial",41,2011
"Kormann2018","f55",8.787283,-82.99233817,38.65,"terrestrial",41,2011
"Kormann2018","f57",8.722329667,-82.92330667,132,"terrestrial",41,2011
"Kormann2018","f6",8.788907667,-82.942608,1.136,"terrestrial",41,2011
"Kormann2018","f60",8.71153,-82.94538433,1.6,"terrestrial",41,2011
"Kormann2018","f62",8.698369667,-82.96195133,0.9,"terrestrial",41,2011
"Kormann2018","f63",8.7094015,-82.97170567,1035,"terrestrial",41,2011
"Kormann2018","f7",8.790248667,-82.93783833,3.3,"terrestrial",41,2011
"Kormann2018","f8",8.784558333,-82.93556467,1.26,"terrestrial",41,2011
"Kormann2018","f9",8.774819667,-82.95361667,4.5,"terrestrial",41,2011
"Kormann2018","G",8.723008,-82.94442467,24,"terrestrial",41,2011
"Kormann2018","H",8.831076333,-82.98200067,2.1,"terrestrial",41,2011
"Kormann2018","I",8.830903,-83.004833,2.21,"terrestrial",41,2011
"Kormann2018","J",8.71505,-82.95302217,189,"terrestrial",41,2011
"Kormann2018","K",8.749648833,-82.97836633,27.5,"terrestrial",41,2011
"Krugel2000","Horto_Florestal",-23.435213,-51.966496,37.2,"terrestrial",51,1994
"Krugel2000","Parque_das_Perobas",-23.488455,-51.999595,26.3,"terrestrial",51,1994
"Krugel2000","Parque_do_Inga",-23.427116,-51.93123,47.3,"terrestrial",51,1994
"Krugel2000","Parque_dos_Pioneiros",-23.431321,-51.945204,59,"terrestrial",51,1994
"Krugel2000","Recanto_Borba_Gato",-23.454396,-51.964888,7.6,"terrestrial",51,1994
"Lasky2010","Achotines",7.415028889,-80.16728611,95,"terrestrial",20,2005
"Lasky2010","Bosque Comun",7.748947778,-80.55630778,132,"terrestrial",20,2005
"Lasky2010","Cenegon de Mangle",8.078705555,-80.52579778,237,"terrestrial",20,2005
"Lasky2010","Cerro Cercao",8.002195556,-80.70672667,80,"terrestrial",20,2005
"Lasky2010","Cerro Zuela",8.350754444,-80.46821167,1115,"terrestrial",20,2005
"Lees2008","f1",-9.972647,-55.68439,1.08,"terrestrial",10,2004
"Lees2008","f10",-9.855402,-55.985253,15.48,"terrestrial",10,2004
"Lees2008","f11",-9.875689,-56.057702,18.72,"terrestrial",10,2004
"Lees2008","f12",-9.868895,-55.901688,21.51,"terrestrial",10,2004
"Lees2008","f13",-9.66325,-56.296913,24.3,"terrestrial",10,2004
"Lees2008","f14",-9.944476,-55.926329,25.74,"terrestrial",10,2004
"Lees2008","f15",-9.972671,-55.681416,26.28,"terrestrial",10,2004
"Lees2008","f16",-9.746246,-56.209621,33.0975,"terrestrial",10,2004
"Lees2008","f17",-9.823838,-55.931352,38.16,"terrestrial",10,2004
"Lees2008","f18",-9.767112,-56.191,44.64,"terrestrial",10,2004
"Lees2008","f19",-9.867314,-56.189489,54.09,"terrestrial",10,2004
"Lees2008","f2",-9.74928,-56.029015,2.43,"terrestrial",10,2004
"Lees2008","f20",-9.893411,-56.279374,86.85,"terrestrial",10,2004
"Lees2008","f21",-9.770056,-56.196846,125.37,"terrestrial",10,2004
"Lees2008","f22",-9.801918,-55.923007,111.96,"terrestrial",10,2004
"Lees2008","f23",-9.752535,-55.970433,98.19,"terrestrial",10,2004
"Lees2008","f24",-9.885,-56.099264,243,"terrestrial",10,2004
"Lees2008","f25",-9.976621,-56.083085,254.07,"terrestrial",10,2004
"Lees2008","f26",-9.955309,-56.058332,787.23,"terrestrial",10,2004
"Lees2008","f27",-9.895577,-55.995783,899.82,"terrestrial",10,2004
"Lees2008","f28",-9.930357,-56.227253,1763.4825,"terrestrial",10,2004
"Lees2008","f29",-9.877374,-56.308931,11033.91,"terrestrial",10,2004
"Lees2008","f3",-9.906779,-56.044334,4.14,"terrestrial",10,2004
"Lees2008","f30",-9.668335,-55.97131,14476.14,"terrestrial",10,2004
"Lees2008","f4",-9.908489,-56.05428,4.32,"terrestrial",10,2004
"Lees2008","f5",-9.840801,-56.004776,4.68,"terrestrial",10,2004
"Lees2008","f6",-9.775342,-56.051231,5.04,"terrestrial",10,2004
"Lees2008","f7",-9.945851,-56.108274,6.57,"terrestrial",10,2004
"Lees2008","f8",-9.839753,-56.005034,7.2,"terrestrial",10,2004
"Lees2008","f9",-9.783184,-56.035454,14.85,"terrestrial",10,2004
"Luypaert2022","10_626",-1.75309,-59.39003,8.78,"aquatic",28,2015
"Luypaert2022","10_709",-1.80791,-59.46624,5.43,"aquatic",28,2015
"Luypaert2022","11_497",-1.81756,-59.48498,3.53,"aquatic",28,2015
"Luypaert2022","12_28",-1.85177,-59.4038,8.42,"aquatic",28,2015
"Luypaert2022","12_9",-1.5057,-59.79838,11.96,"aquatic",28,2015
"Luypaert2022","14_7",-1.5037,-59.81908,13.22,"aquatic",28,2015
"Luypaert2022","15_188",-1.55566,-59.72653,1.81,"aquatic",28,2015
"Luypaert2022","17_697",-1.44519,-59.8948,17.57,"aquatic",28,2015
"Luypaert2022","185_358",-1.53759,-59.71342,171.73,"aquatic",28,2015
"Luypaert2022","2_258",-1.85392,-59.38668,0.72,"aquatic",28,2015
"Luypaert2022","2_333",-1.83704,-59.46564,0.63,"aquatic",28,2015
"Luypaert2022","2_771",-1.82046,-59.44777,0.45,"aquatic",28,2015
"Luypaert2022","2_794",-1.86325,-59.39397,0.91,"aquatic",28,2015
"Luypaert2022","2_87",-1.7457,-59.40742,1.45,"aquatic",28,2015
"Luypaert2022","235_234",-1.46213,-59.82167,230.7,"aquatic",28,2015
"Luypaert2022","3_207",-1.72327,-59.48347,1.99,"aquatic",28,2015
"Luypaert2022","3_311",-1.87406,-59.41093,1.36,"aquatic",28,2015
"Luypaert2022","3_592",-1.56818,-59.69274,2.08,"aquatic",28,2015
"Luypaert2022","33_793",-1.53047,-59.7877,29.62,"aquatic",28,2015
"Luypaert2022","37_028",-1.77863,-59.38195,32.78,"aquatic",28,2015
"Luypaert2022","37_7",-1.5103,-59.79834,39.67,"aquatic",28,2015
"Luypaert2022","37_9",-1.51042,-59.79091,35.6,"aquatic",28,2015
"Luypaert2022","4_746",-1.54811,-59.73888,2.26,"aquatic",28,2015
"Luypaert2022","43_792",-1.74108,-59.47684,38.94,"aquatic",28,2015
"Luypaert2022","44_174",-1.766,-59.48114,39.12,"aquatic",28,2015
"Luypaert2022","44_21",-1.39329,-59.76564,35.87,"aquatic",28,2015
"Luypaert2022","49_62",-1.41927,-59.80871,39.94,"aquatic",28,2015
"Luypaert2022","5_708",-1.57007,-59.71667,3.53,"aquatic",28,2015
"Luypaert2022","54_544_A",-1.85419,-59.36694,17.66,"aquatic",28,2015
"Luypaert2022","54_544_B",-1.85262,-59.36253,22.01,"aquatic",28,2015
"Luypaert2022","54_8",-1.50843,-59.80678,52.71,"aquatic",28,2015
"Luypaert2022","7_335",-1.8555,-59.4506,4.17,"aquatic",28,2015
"Luypaert2022","8_042",-1.54737,-59.85917,6.88,"aquatic",28,2015
"Luypaert2022","8_672",-1.3854,-59.81981,8.15,"aquatic",28,2015
"Luypaert2022","Abandonada_left",-1.39418,-59.78186,8.15,"aquatic",28,2015
"Luypaert2022","Abandonada_right",-1.39513,-59.77795,0.45,"aquatic",28,2015
"Luypaert2022","Abusado",-1.76217,-59.67862,13.31,"aquatic",28,2015
"Luypaert2022","Adeus",-1.87777,-59.65244,50.08,"aquatic",28,2015
"Luypaert2022","Aline",-1.54838,-59.75128,2.08,"aquatic",28,2015
"Luypaert2022","Andre",-1.58462,-59.87211,2.08,"aquatic",28,2015
"Luypaert2022","Arrepiado",-1.51483,-59.73933,7.43,"aquatic",28,2015
"Luypaert2022","Bacaba",-1.50392,-59.82269,53.35,"aquatic",28,2015
"Luypaert2022","Beco_do_Catitu",-1.75116,-59.70799,638.66,"aquatic",28,2015
"Luypaert2022","Cafundo",-1.50063,-59.61043,2.63,"aquatic",28,2015
"Luypaert2022","Cipoal",-1.70606,-59.78051,217.63,"aquatic",28,2015
"Luypaert2022","Coata",-1.48819,-59.7872,16.94,"aquatic",28,2015
"Luypaert2022","Formiga",-1.83339,-59.42093,1.54,"aquatic",28,2015
"Luypaert2022","Furo_de_Santa_Luzia",-1.74154,-59.43596,198.52,"aquatic",28,2015
"Luypaert2022","Fuzaca",-1.50833,-59.86697,941.71,"aquatic",28,2015
"Luypaert2022","Garrafa",-1.58863,-59.83535,9.42,"aquatic",28,2015
"Luypaert2022","Gaviao_real",-1.61868,-59.62579,1698.84,"aquatic",28,2015
"Luypaert2022","Jabuti",-1.6291,-59.75201,232.49,"aquatic",28,2015
"Luypaert2022","Jiquitaia",-1.83569,-59.59577,6.79,"aquatic",28,2015
"Luypaert2022","Joaninha",-1.52243,-59.82888,0.63,"aquatic",28,2015
"Luypaert2022","Louzivaldo",-1.84696,-59.44032,1.27,"aquatic",28,2015
"Luypaert2022","Martelo",-1.67561,-59.71948,466.6,"aquatic",28,2015
"Luypaert2022","Mascote",-1.65936,-59.83546,668.03,"aquatic",28,2015
"Luypaert2022","Moita",-1.55994,-59.89244,91.3,"aquatic",28,2015
"Luypaert2022","Neto",-1.84167,-59.35206,32.87,"aquatic",28,2015
"Luypaert2022","Palhal",-1.79071,-59.44785,21.37,"aquatic",28,2015
"Luypaert2022","Panema",-1.7745,-59.69236,3.08,"aquatic",28,2015
"Luypaert2022","Pe_Torto",-1.76671,-59.36338,4.98,"aquatic",28,2015
"Luypaert2022","Piquia",-1.50662,-59.78885,13.04,"aquatic",28,2015
"Luypaert2022","Pontal",-1.83312,-59.68418,108.76,"aquatic",28,2015
"Luypaert2022","Porto_Seguro",-1.7943,-59.51287,1350.56,"aquatic",28,2015
"Luypaert2022","Relogio",-1.67476,-59.64798,70.55,"aquatic",28,2015
"Luypaert2022","Sapupara",-1.69722,-59.61253,77.8,"aquatic",28,2015
"Luypaert2022","Torem",-1.82943,-59.63267,3.62,"aquatic",28,2015
"Luypaert2022","Tristeza",-1.76716,-59.75429,499.91,"aquatic",28,2015
"Luypaert2022","Tucumari",-1.60038,-59.44716,336.02,"aquatic",28,2015
"Luypaert2022","Xibe",-1.46895,-59.8362,0.91,"aquatic",28,2015
"Manu2007","Ajanla",7.21835,3.801166667,334,"terrestrial",200,2000
"Manu2007","Ajegunle",7.141266667,4.338033333,168,"terrestrial",200,2000
"Manu2007","Akanran",7.3125,4.005783333,81.6,"terrestrial",200,2000
"Manu2007","Akingbola",7.566733333,3.979466667,309,"terrestrial",200,2000
"Manu2007","Alade",7.60215,4.019333333,220,"terrestrial",200,2000
"Manu2007","Alagbede",7.577583333,3.99735,163,"terrestrial",200,2000
"Manu2007","Alara",7.322933333,4.233333333,169,"terrestrial",200,2000
"Manu2007","Araromi-Owu",7.149083333,4.34215,208,"terrestrial",200,2000
"Manu2007","Arikoko",7.298133333,4.264766667,14,"terrestrial",200,2000
"Manu2007","Asejire",7.366183333,4.074216667,311,"terrestrial",200,2000
"Manu2007","Awa",7.092533333,3.909083333,342,"terrestrial",200,2000
"Manu2007","Ayepe",7.282416667,4.289983333,85,"terrestrial",200,2000
"Manu2007","Balogun",7.40515,4.236583333,146,"terrestrial",200,2000
"Manu2007","Bolarinwa",7.260516667,4.024733333,147,"terrestrial",200,2000
"Manu2007","CRIN",7.212766667,3.854633333,190,"terrestrial",200,2000
"Manu2007","Faritosa",7.621733333,4.01135,254,"terrestrial",200,2000
"Manu2007","Ikereku",7.629716667,3.976233333,147,"terrestrial",200,2000
"Manu2007","Ikire",7.354783333,4.138933333,104,"terrestrial",200,2000
"Manu2007","Ipara",7.012533333,3.671416667,329,"terrestrial",200,2000
"Manu2007","Iperin",6.8723,3.929883333,243,"terrestrial",200,2000
"Manu2007","Ipetumodu",7.530433333,4.42195,105,"terrestrial",200,2000
"Manu2007","Jakankan",7.26705,4.309033333,348,"terrestrial",200,2000
"Manu2007","Kuku",7.546016667,3.988933333,207,"terrestrial",200,2000
"Manu2007","Ljebu-Ode",6.825983333,3.876033333,315,"terrestrial",200,2000
"Manu2007","Lolulolu",7.722983333,4.277866667,141,"terrestrial",200,2000
"Manu2007","Moniya",7.553133333,3.930433333,131,"terrestrial",200,2000
"Manu2007","Monye",7.3155,4.020183333,311,"terrestrial",200,2000
"Manu2007","Motako",7.277833333,4.293916667,124,"terrestrial",200,2000
"Manu2007","Oboda",7.615716667,4.019233333,140,"terrestrial",200,2000
"Manu2007","Olanla",7.652733333,4.001066667,185,"terrestrial",200,2000
"Manu2007","Olode",7.5361,4.043533333,415,"terrestrial",200,2000
"Manu2007","Olode-Agbaku",7.554266667,3.90095,187,"terrestrial",200,2000
"Manu2007","Olokemeji",7.430316667,3.523383333,254,"terrestrial",200,2000
"Manu2007","Olosa Oko",7.5627,3.884366667,151,"terrestrial",200,2000
"Manu2007","Olunlosin",7.602816667,4.009216667,208,"terrestrial",200,2000
"Manu2007","Onigrambari",7.146266667,3.907783333,172,"terrestrial",200,2000
"Manu2007","Oosa",7.303866667,4.251983333,324,"terrestrial",200,2000
"Manu2007","Orile-Owo",7.234316667,4.32945,445,"terrestrial",200,2000
"Manu2007","Orile-Owu (North)",7.2485,4.336166667,232,"terrestrial",200,2000
"Manu2007","Oyada",7.634616667,3.982133333,117,"terrestrial",200,2000
"Manu2007","Sangodiran",7.20405,4.3473,327,"terrestrial",200,2000
"Manu2007","Site 19",7.200433333,5.029016667,324,"terrestrial",200,2000
"Manu2007","Sokinloju",7.6309,3.947716667,288,"terrestrial",200,2000
"Manu2007","Wasinmi",7.443316667,4.276933333,100,"terrestrial",200,2000
"Marini2001","Cruzeiro dos Peixotos",-18.76667,-48.35,155,"terrestrial",NA,1994
"Marini2001","Fazenda da Mata",-18.5,-48.05,230,"terrestrial",NA,1994
"Marini2001","Fazenda Experimental do Gloria",-18.86667,-48.21667,54,"terrestrial",NA,1994
"Marini2001","Granja Marileuza (dry)",-18.86667,-48.25,9,"terrestrial",NA,1994
"Marini2001","Granja Marileuza (flooded)",-18.86667,-48.25,7.5,"terrestrial",NA,1994
"Marini2001","Reserva Ecologica do Panga",-19.18333,-48.35,24,"terrestrial",NA,1994
"Martensen2012CAU","Alcides",-23.74428487,-47.06462663,8.56,"terrestrial",NA,2001
"Martensen2012CAU","Beto_Jamil",-23.71519059,-47.07236595,14.35,"terrestrial",NA,2001
"Martensen2012CAU","Carmo_Messias",-23.75020318,-47.0554803,5.59,"terrestrial",NA,2001
"Martensen2012CAU","Dito",-23.76838933,-47.04576966,5.13,"terrestrial",NA,2001
"Martensen2012CAU","Dito_Andre",-23.7356207,-47.05896843,21.95,"terrestrial",NA,2001
"Martensen2012CAU","Godoy",-23.72451323,-47.07332729,16.86,"terrestrial",NA,2001
"Martensen2012CAU","Japones",-23.69410599,-47.06717972,4.76,"terrestrial",NA,2001
"Martensen2012CAU","Lila",-23.73039988,-47.11794393,24.73,"terrestrial",NA,2001
"Martensen2012CAU","Luiza_Osmal",-23.73786013,-47.06232842,3.79,"terrestrial",NA,2001
"Martensen2012CAU","Maria",-23.71521029,-47.08768302,3.96,"terrestrial",NA,2001
"Martensen2012CAU","Mioko",-23.72498715,-47.06219443,56.11,"terrestrial",NA,2001
"Martensen2012CAU","Nelson",-23.71171646,-47.09767808,45.77,"terrestrial",NA,2001
"Martensen2012CAU","Pedro",-23.71386517,-47.09101516,52.27,"terrestrial",NA,2001
"Martensen2012CAU","Pedroso",-23.73592647,-47.07458673,158.45,"terrestrial",NA,2001
"Martensen2012CAU","Reizinho",-23.68988532,-47.09102514,19.3,"terrestrial",NA,2001
"Martensen2012CAU","Takimoto",-23.70213893,-47.08218033,80.01,"terrestrial",NA,2001
"Martensen2012CAU","Tereza",-23.70854907,-47.0721041,2.06,"terrestrial",NA,2001
"Martensen2012RG","Alteres",-24.05714601,-48.32628037,32.3,"terrestrial",NA,2004
"Martensen2012RG","Boiadeiro",-24.09556344,-48.32757726,7.02,"terrestrial",NA,2004
"Martensen2012RG","Bojado",-24.05621681,-48.35224789,43.57,"terrestrial",NA,2004
"Martensen2012RG","Citadini",-24.06404795,-48.39356826,43.66,"terrestrial",NA,2004
"Martensen2012RG","Cromossomo",-24.09955678,-48.30060366,19.73,"terrestrial",NA,2004
"Martensen2012RG","Divisa",-24.06361787,-48.3752839,92.34,"terrestrial",NA,2004
"Martensen2012RG","Falopio",-24.05694698,-48.30056252,37.9,"terrestrial",NA,2004
"Martensen2012RG","Harpa",-24.04944674,-48.31388925,16.01,"terrestrial",NA,2004
"Martensen2012RG","Lira",-24.04139014,-48.30944781,6.66,"terrestrial",NA,2004
"Martensen2012RG","Machucado",-24.08250124,-48.38695224,12.79,"terrestrial",NA,2004
"Martensen2012RG","Meninas",-24.06611857,-48.31861402,7.18,"terrestrial",NA,2004
"Martensen2012RG","Padre_Pedro",-24.08686914,-48.34710554,7.58,"terrestrial",NA,2004
"Martensen2012RG","Paulo_Nunes",-24.10195191,-48.33833887,6.39,"terrestrial",NA,2004
"Martensen2012RG","Pedro_Onorio",-24.09514315,-48.37045314,12.03,"terrestrial",NA,2004
"Martensen2012RG","Radialista",-24.10758847,-48.34586239,9.25,"terrestrial",NA,2004
"Martensen2012RG","Radji",-24.09693655,-48.39452513,4.75,"terrestrial",NA,2004
"Martensen2012RG","Yoko",-24.04778224,-48.37555699,11.63,"terrestrial",NA,2004
"Martensen2012TAP","Alce",-23.85119925,-47.4603713,24.09,"terrestrial",NA,2005
"Martensen2012TAP","Antenor_Frag",-23.91993127,-47.45232393,2.82,"terrestrial",NA,2005
"Martensen2012TAP","Baleia",-23.88895796,-47.46038831,4.93,"terrestrial",NA,2005
"Martensen2012TAP","Bicudinho",-23.886172,-47.48320904,26.64,"terrestrial",NA,2005
"Martensen2012TAP","Cristo",-23.85130409,-47.47579157,126.97,"terrestrial",NA,2005
"Martensen2012TAP","Dn_Ivone",-23.85450103,-47.44917631,3.87,"terrestrial",NA,2005
"Martensen2012TAP","Eme",-23.87632457,-47.48037067,23.24,"terrestrial",NA,2005
"Martensen2012TAP","Estrada",-23.87368271,-47.4908037,4.5,"terrestrial",NA,2005
"Martensen2012TAP","Fuzue",-23.84378638,-47.44973052,20.76,"terrestrial",NA,2005
"Martensen2012TAP","Haras",-23.85751421,-47.42247746,3.5,"terrestrial",NA,2005
"Martensen2012TAP","Jeanzao",-23.86782027,-47.44377308,41.12,"terrestrial",NA,2005
"Martensen2012TAP","Jeanzinho",-23.90297199,-47.46573948,4.08,"terrestrial",NA,2005
"Martensen2012TAP","Linha",-23.86765905,-47.47195064,36.43,"terrestrial",NA,2005
"Martensen2012TAP","Medico",-23.91369847,-47.48015121,78.05,"terrestrial",NA,2005
"Martensen2012TAP","Odorico",-23.88076159,-47.43600577,156.5,"terrestrial",NA,2005
"Martensen2012TAP","Osasco",-23.90785534,-47.45390253,18.09,"terrestrial",NA,2005
"Martensen2012TAP","Professor",-23.91844341,-47.46969586,27.84,"terrestrial",NA,2005
"Martensen2012TAP","Teomar",-23.83355604,-47.44650598,82.85,"terrestrial",NA,2005
"Martensen2012TAP","Torres",-23.89301053,-47.47896111,3.83,"terrestrial",NA,2005
"Mendenhall2016","CAGO",8.753766,-82.925589,81,"terrestrial",37,2007
"Mendenhall2016","COPA",8.778054,-82.956203,5,"terrestrial",37,2007
"Mendenhall2016","GAPA",8.805852,-82.973366,27,"terrestrial",37,2007
"Mendenhall2016","LOAN",8.783447,-82.938689,4,"terrestrial",37,2007
"Mendenhall2016","PANA",8.781805,-82.896984,42,"terrestrial",37,2007
"Mendenhall2016","PINO",8.844238,-82.969931,86,"terrestrial",37,2007
"Mendenhall2016","QUST",8.815192,-82.924079,22,"terrestrial",37,2007
"Mendenhall2016","RESERVE",8.7907,-82.969987,593,"terrestrial",37,2007
"Mendenhall2016","SARI",8.827918,-82.924172,134,"terrestrial",37,2007
"Moore2008","Abogado",9.198877,-79.859765,15,"aquatic",90,2001
"Moore2008","Abogado Oeste",9.195375,-79.862627,4.3,"aquatic",90,2001
"Moore2008","Bajo",9.184733,-79.830086,5,"aquatic",90,2001
"Moore2008","Barbacoa",9.125623,-79.793957,166,"aquatic",90,2001
"Moore2008","Barro Colorado",9.15757,-79.84824,1560,"aquatic",90,2001
"Moore2008","Bruja Chiquita",9.20977,-79.914161,17,"aquatic",90,2001
"Moore2008","Bruja Grande",9.217505,-79.91321,41,"aquatic",90,2001
"Moore2008","Cacao",9.219918,-79.843877,14.8,"aquatic",90,2001
"Moore2008","Frijoles",9.17433,-79.80078,102,"aquatic",90,2001
"Moore2008","Guacha",9.177849,-79.938919,20,"aquatic",90,2001
"Moore2008","Guanabano",9.211611,-79.891867,8.9,"aquatic",90,2001
"Moore2008","Juan Gallegos",9.223103,-79.860019,779,"aquatic",90,2001
"Moore2008","L",9.128333,-79.841602,7.3,"aquatic",90,2001
"Moore2008","Leon",9.226656,-79.893162,55,"aquatic",90,2001
"Moore2008","Lirio",9.244716,-79.838342,11.5,"aquatic",90,2001
"Moore2008","Mona Grita",9.13746,-79.83424,7.1,"aquatic",90,2001
"Moore2008","Orchid",9.17866,-79.84892,19,"aquatic",90,2001
"Moore2008","Panteon",9.213974,-79.915158,9.9,"aquatic",90,2001
"Moore2008","Pantera",9.236681,-79.91063,18,"aquatic",90,2001
"Moore2008","Pato Horqueta",9.207752,-79.9072,13.2,"aquatic",90,2001
"Moore2008","Puma",9.23564,-79.902939,83,"aquatic",90,2001
"Moore2008","Range",9.186792,-79.842022,3.8,"aquatic",90,2001
"Moore2008","Sobre Pato Horqueta",9.210924,-79.906133,5.9,"aquatic",90,2001
"Moore2008","Steep",9.187078,-79.837583,7.6,"aquatic",90,2001
"Moore2008","Tigre",9.231025,-79.910776,38,"aquatic",90,2001
"Moore2008","Tres Almendras Grande",9.204796,-79.847512,9.3,"aquatic",90,2001
"Moore2008","Tres Almendras Oeste",9.205213,-79.850886,4.1,"aquatic",90,2001
"Moore2008","Triangle",9.181613,-79.833486,1.6,"aquatic",90,2001
"Moore2008","Trinidad",9.198269,-79.930683,23,"aquatic",90,2001
"Morante-Filho2015","112",-15.991732,-39.380442,2330.787,"terrestrial",NA,2013
"Morante-Filho2015","116_1",-15.849776,-39.361869,5.26144,"terrestrial",NA,2013
"Morante-Filho2015","116_3",-15.857553,-39.355056,82.42581,"terrestrial",NA,2013
"Morante-Filho2015","116_4",-15.866612,-39.354754,34.55455,"terrestrial",NA,2013
"Morante-Filho2015","118",-15.792944,-39.369574,58.98219,"terrestrial",NA,2013
"Morante-Filho2015","120_1",-15.728039,-39.382412,232.31442,"terrestrial",NA,2013
"Morante-Filho2015","120_2",-15.714897,-39.364617,4.42495,"terrestrial",NA,2013
"Morante-Filho2015","120_3",-15.705916,-39.356248,49.97889,"terrestrial",NA,2013
"Morante-Filho2015","131_2",-15.961964,-39.32956,2.11672,"terrestrial",NA,2013
"Morante-Filho2015","131_3",-15.953927,-39.318054,14.65589,"terrestrial",NA,2013
"Morante-Filho2015","171_1",-15.818562,-39.243959,684.29203,"terrestrial",NA,2013
"Morante-Filho2015","187",-15.894553,-39.23866,913.60767,"terrestrial",NA,2013
"Morante-Filho2015","46_1",-15.775019,-39.503708,5.06332,"terrestrial",NA,2013
"Morante-Filho2015","46_2",-15.800524,-39.5066,10.2591,"terrestrial",NA,2013
"Morante-Filho2015","64_2",-15.781997,-39.484595,5.9912,"terrestrial",NA,2013
"Morante-Filho2015","64_3",-15.790636,-39.498145,4.68316,"terrestrial",NA,2013
"Nasruddin-Roshidi2021","Is1",5.182293,102.565679,4.502,"aquatic",3,2017
"Nasruddin-Roshidi2021","Is2",5.176972,102.553379,3.123,"aquatic",3,2017
"Nasruddin-Roshidi2021","Is3",5.183656,102.554095,3.827,"aquatic",3,2017
"Nasruddin-Roshidi2021","Is4",5.173174,102.564247,23.766,"aquatic",3,2017
"Nasruddin-Roshidi2021","Is5",5.152579,102.557292,3.007,"aquatic",3,2017
"Nasruddin-Roshidi2021","Is6",5.146932,102.558462,7.906,"aquatic",3,2017
"Nasruddin-Roshidi2021","Is7",5.142109,102.560224,1.602,"aquatic",3,2017
"Oliveira2020","F1",-10.55795,-36.71073,241.18,"terrestrial",NA,2017
"Oliveira2020","F10",-10.57096,-36.74198,0.73,"terrestrial",NA,2017
"Oliveira2020","F2",-10.55521,-36.73927,166.89,"terrestrial",NA,2017
"Oliveira2020","F3",-10.54538,-36.74195,161.57,"terrestrial",NA,2017
"Oliveira2020","F4",-10.5685,-36.73785,29.49,"terrestrial",NA,2017
"Oliveira2020","F5",-10.56032,-36.74515,12.03,"terrestrial",NA,2017
"Oliveira2020","F6",-10.56906,-36.74358,3.57,"terrestrial",NA,2017
"Oliveira2020","F7",-10.56736,-36.74538,2.49,"terrestrial",NA,2017
"Oliveira2020","F8",-10.57264,-36.74515,1.33,"terrestrial",NA,2017
"Oliveira2020","F9",-10.57312,-36.74281,1.27,"terrestrial",NA,2017
"Ribon2003","M1",-20.73497222,-42.85322222,1,"terrestrial",NA,1996
"Ribon2003","M10",-20.72705556,-42.84072222,5.6,"terrestrial",NA,1996
"Ribon2003","M11",-20.82925,-42.86111111,6.4,"terrestrial",NA,1996
"Ribon2003","M12",-20.81594444,-42.86505556,6.4,"terrestrial",NA,1996
"Ribon2003","M13",-20.82702778,-42.84777778,6.6,"terrestrial",NA,1996
"Ribon2003","M14",-20.79952778,-42.91586111,7.6,"terrestrial",NA,1996
"Ribon2003","M15",-20.77013889,-42.84269444,8,"terrestrial",NA,1996
"Ribon2003","M16",-20.72172222,-42.86202778,8.2,"terrestrial",NA,1996
"Ribon2003","M17",-20.72063889,-42.81747222,9.4,"terrestrial",NA,1996
"Ribon2003","M18",-20.73013889,-42.85380556,10.1,"terrestrial",NA,1996
"Ribon2003","M19",-20.76344444,-42.86411111,10.7,"terrestrial",NA,1996
"Ribon2003","M2",-20.72063889,-42.84,1.3,"terrestrial",NA,1996
"Ribon2003","M20",-20.72461111,-42.86127778,10.8,"terrestrial",NA,1996
"Ribon2003","M21",-20.78066667,-42.83694444,10.9,"terrestrial",NA,1996
"Ribon2003","M22",-20.74327778,-42.83058333,12.2,"terrestrial",NA,1996
"Ribon2003","M23",-20.78663889,-42.88125,17.8,"terrestrial",NA,1996
"Ribon2003","M24",-20.72255556,-42.92427778,27.6,"terrestrial",NA,1996
"Ribon2003","M25",-20.79530556,-42.846,38.8,"terrestrial",NA,1996
"Ribon2003","M26",-20.81938889,-42.90458333,45.1,"terrestrial",NA,1996
"Ribon2003","M27",-20.76572222,-42.84633333,49.9,"terrestrial",NA,1996
"Ribon2003","M28",-20.73613889,-42.84005556,50.4,"terrestrial",NA,1996
"Ribon2003","M29",-20.76658333,-42.87633333,63.3,"terrestrial",NA,1996
"Ribon2003","M3",-20.78225,-42.894,1.7,"terrestrial",NA,1996
"Ribon2003","M30",-20.78033333,-42.81947222,66.2,"terrestrial",NA,1996
"Ribon2003","M31",-20.76422222,-42.85325,66.8,"terrestrial",NA,1996
"Ribon2003","M32",-20.74472222,-42.9005,70.8,"terrestrial",NA,1996
"Ribon2003","M33",-20.75647222,-42.86030556,75,"terrestrial",NA,1996
"Ribon2003","M34",-20.74708333,-42.91427778,76.7,"terrestrial",NA,1996
"Ribon2003","M35",-20.78394444,-42.91977778,86.2,"terrestrial",NA,1996
"Ribon2003","M36",-20.83247222,-42.93347222,120,"terrestrial",NA,1996
"Ribon2003","M37",-20.7265,-42.89027778,158.9,"terrestrial",NA,1996
"Ribon2003","M38",-20.77975,-42.92333333,160.1,"terrestrial",NA,1996
"Ribon2003","M39",-20.79297222,-42.88947222,181.2,"terrestrial",NA,1996
"Ribon2003","M4",-20.71852778,-42.83808333,2.1,"terrestrial",NA,1996
"Ribon2003","M40",-20.75075,-42.93147222,240,"terrestrial",NA,1996
"Ribon2003","M41",-20.80219444,-42.85819444,384.5,"terrestrial",NA,1996
"Ribon2003","M5",-20.81452778,-42.86347222,2.8,"terrestrial",NA,1996
"Ribon2003","M6",-20.80777778,-42.87880556,3,"terrestrial",NA,1996
"Ribon2003","M7",-20.82277778,-42.85002778,3.6,"terrestrial",NA,1996
"Ribon2003","M8",-20.78430556,-42.89380556,4.1,"terrestrial",NA,1996
"Ribon2003","M9",-20.81508333,-42.92102778,5,"terrestrial",NA,1996
"Ruiz-Gutierrez2010","Cedeno",8.758542,-82.924969,15,"terrestrial",34,2004
"Ruiz-Gutierrez2010","Fragment 5",8.787553,-82.992616,25,"terrestrial",34,2004
"Ruiz-Gutierrez2010","Fragment 9",8.784285,-82.953712,20,"terrestrial",34,2004
"Ruiz-Gutierrez2010","Las Cruces",8.794405,-82.971978,224,"terrestrial",34,2004
"Ruiz-Gutierrez2010","Loma Linda",8.73666,-82.92584,35,"terrestrial",34,2004
"Ruiz-Gutierrez2010","Muneco",8.763218,-82.936953,1.4,"terrestrial",34,2004
"Ruiz-Gutierrez2010","Sabalito",8.824293,-82.918407,20,"terrestrial",34,2004
"Silveira2003","F1",-9.383333333,-35.61666667,80,"terrestrial",NA,2001
"Silveira2003","F10",-9.433333333,-35.68333333,500,"terrestrial",NA,2001
"Silveira2003","F11",-8.966666667,-36.1,300,"terrestrial",NA,2001
"Silveira2003","F12",-9,-35.86666667,800,"terrestrial",NA,2001
"Silveira2003","F13",-9.116666667,-35.56666667,100,"terrestrial",NA,2001
"Silveira2003","F14",-9.216666667,-35.5,80,"terrestrial",NA,2001
"Silveira2003","F15",-9.216666667,-35.51666667,100,"terrestrial",NA,2001
"Silveira2003","F2",-9.383333333,-35.58333333,25,"terrestrial",NA,2001
"Silveira2003","F3",-10.05,-36.26666667,337,"terrestrial",NA,2001
"Silveira2003","F4",-10,-36.26666667,458,"terrestrial",NA,2001
"Silveira2003","F5",-10.05,-36.26666667,454,"terrestrial",NA,2001
"Silveira2003","F6",-9.533333333,-35.83333333,400,"terrestrial",NA,2001
"Silveira2003","F7",-9.233333333,-35.78333333,300,"terrestrial",NA,2001
"Silveira2003","F8",-9.516666667,-35.9,500,"terrestrial",NA,2001
"Silveira2003","F9",-9.366666667,-35.71666667,100,"terrestrial",NA,2001
"Stouffer2011","f1104",-2.40525,-59.8758,2.8,"terrestrial",27,2007
"Stouffer2011","f1112",-2.386584,-59.87446,1.6,"terrestrial",24,2007
"Stouffer2011","f1202",-2.40375,-59.8711,13,"terrestrial",27,2007
"Stouffer2011","f1207",-2.381905,-59.87041,11.2,"terrestrial",24,2007
"Stouffer2011","f2107",-2.33663,-60.1011,1.8,"terrestrial",23,2007
"Stouffer2011","f2108",-2.3367,-60.1086,1.1,"terrestrial",23,2007
"Stouffer2011","f2206",-2.33574,-60.1134,10.7,"terrestrial",23,2007
"Stouffer2011","f2303",-2.34183,-60.0948,98.1,"terrestrial",17,2007
"Stouffer2011","f3114",-2.37202,-59.9697,1.6,"terrestrial",24,2007
"Stouffer2011","f3209",-2.35426,-59.9575,11,"terrestrial",24,2007
"Stouffer2011","f3304",-2.36487,-59.9733,101.2,"terrestrial",24,2007
"Uezu2011","C",-22.51381082,-52.32508648,35396.1,"terrestrial",25,2003
"Uezu2011","G1",-22.33859561,-52.39034076,420.7,"terrestrial",25,2003
"Uezu2011","G2",-22.1503215,-52.26859535,448.5,"terrestrial",25,2003
"Uezu2011","G3",-22.32753956,-52.32726578,471.1,"terrestrial",25,2003
"Uezu2011","G4",-22.23939375,-52.30601501,478.4,"terrestrial",25,2003
"Uezu2011","G5",-22.28357112,-52.33149188,1148.6,"terrestrial",25,2003
"Uezu2011","G6",-22.41556784,-52.51238464,1274.7,"terrestrial",25,2003
"Uezu2011","G7",-22.47969743,-52.46993891,1736.2,"terrestrial",25,2003
"Uezu2011","M1",-22.5267042,-52.39954562,110,"terrestrial",25,2003
"Uezu2011","M2",-22.29456834,-52.38424803,124.2,"terrestrial",25,2003
"Uezu2011","M3",-22.53552047,-52.64483331,129.8,"terrestrial",25,2003
"Uezu2011","M4",-22.60844457,-52.51382375,153.6,"terrestrial",25,2003
"Uezu2011","M5",-22.3899357,-52.6740883,172.2,"terrestrial",25,2003
"Uezu2011","M6",-22.27246112,-52.51466162,185.3,"terrestrial",25,2003
"Uezu2011","M7",-22.52658497,-52.06068475,217.7,"terrestrial",25,2003
"Uezu2011","P1",-22.36136861,-52.25992471,28.3,"terrestrial",25,2003
"Uezu2011","P2",-22.4821878,-52.18696037,38.5,"terrestrial",25,2003
"Uezu2011","P3",-22.33975803,-52.45963312,55.4,"terrestrial",25,2003
"Uezu2011","P4",-22.09366569,-52.31687973,71.2,"terrestrial",25,2003
"Uezu2011","P5",-22.36949271,-52.62728915,60.7,"terrestrial",25,2003
"Uezu2011","P6",-22.36417341,-52.34107586,73.4,"terrestrial",25,2003
"Uezu2011","P7",-22.43304048,-52.4146886,77.5,"terrestrial",25,2003
"Ulrich2016","Chawia",-3.483743735,38.34456076,90.25,"terrestrial",200,1996
"Ulrich2016","Fururu",-3.432946889,38.33845861,8.04,"terrestrial",200,1996
"Ulrich2016","Kichuchenyi",-3.429551326,38.35356431,1.28,"terrestrial",200,1996
"Ulrich2016","Macha",-3.421482072,38.35962971,3.42,"terrestrial",200,1996
"Ulrich2016","Mbololo",-3.326960735,38.45217338,178.79,"terrestrial",200,1996
"Ulrich2016","Mwachora",-3.419384126,38.36910813,2.31,"terrestrial",200,1996
"Ulrich2016","Ndiwenyi",-3.440212396,38.34294481,3.76,"terrestrial",200,1996
"Ulrich2016","Ngangao",-3.361513479,38.3421666,146.93,"terrestrial",200,1996
"Ulrich2016","Ronge",-3.357505628,38.43239415,14.81,"terrestrial",200,1996
"Ulrich2016","Vuria",-3.412741441,38.29946501,6.99,"terrestrial",200,1996
"Ulrich2016","Wundanyi",-3.40347421,38.35808415,1.14,"terrestrial",200,1996
"Ulrich2016","Yale",-3.401681532,38.3301846,3.94,"terrestrial",200,1996
"Wang2012","i1",29.51983333,118.8738611,1289.23,"aquatic",48,2007
"Wang2012","i10",29.50052778,118.8858333,2.9,"aquatic",48,2007
"Wang2012","i11",29.49858333,118.9038611,2.83,"aquatic",48,2007
"Wang2012","i12",29.49605556,118.90625,2.29,"aquatic",48,2007
"Wang2012","i13",29.54952778,118.9104722,2.23,"aquatic",48,2007
"Wang2012","i14",29.56758333,118.8950278,2,"aquatic",48,2007
"Wang2012","i15",29.61252778,118.9501111,1.93,"aquatic",48,2007
"Wang2012","i16",29.50347222,118.8919722,1.74,"aquatic",48,2007
"Wang2012","i17",29.49538889,118.9092778,1.54,"aquatic",48,2007
"Wang2012","i18",29.56688889,118.89025,1.52,"aquatic",48,2007
"Wang2012","i19",29.50780556,118.8234722,1.52,"aquatic",48,2007
"Wang2012","i2",29.50838889,118.81925,143.19,"aquatic",48,2007
"Wang2012","i20",29.52072222,118.8274167,1.4,"aquatic",48,2007
"Wang2012","i21",29.48216667,118.9154167,1.26,"aquatic",48,2007
"Wang2012","i22",29.49013889,118.9004167,1.2,"aquatic",48,2007
"Wang2012","i23",29.50313889,118.8903889,1.2,"aquatic",48,2007
"Wang2012","i24",29.50533333,118.8940833,1.17,"aquatic",48,2007
"Wang2012","i25",29.57988889,118.912,1.15,"aquatic",48,2007
"Wang2012","i26",29.57688889,118.9273611,1.03,"aquatic",48,2007
"Wang2012","i27",29.51363889,118.8214444,1.01,"aquatic",48,2007
"Wang2012","i28",29.52930556,118.9226667,1.01,"aquatic",48,2007
"Wang2012","i29",29.493,118.9034444,0.97,"aquatic",48,2007
"Wang2012","i3",29.51941667,118.9210833,109.03,"aquatic",48,2007
"Wang2012","i30",29.55188889,118.9072778,0.96,"aquatic",48,2007
"Wang2012","i31",29.61422222,118.9619444,0.91,"aquatic",48,2007
"Wang2012","i32",29.53011111,118.9216944,0.86,"aquatic",48,2007
"Wang2012","i33",29.51516667,118.8225278,0.83,"aquatic",48,2007
"Wang2012","i34",29.61341667,118.9535833,0.83,"aquatic",48,2007
"Wang2012","i35",29.49297222,118.9194167,0.8,"aquatic",48,2007
"Wang2012","i36",29.52975,118.9245278,0.8,"aquatic",48,2007
"Wang2012","i37",29.56775,118.8976667,0.73,"aquatic",48,2007
"Wang2012","i38",29.57738889,118.9160556,0.67,"aquatic",48,2007
"Wang2012","i39",29.57783333,118.9095,0.59,"aquatic",48,2007
"Wang2012","i4",29.53097222,118.9401389,55.08,"aquatic",48,2007
"Wang2012","i40",29.49519444,118.90525,0.59,"aquatic",48,2007
"Wang2012","i41",29.54783333,118.9118889,0.57,"aquatic",48,2007
"Wang2012","i42",29.49377778,118.9031944,0.3,"aquatic",48,2007
"Wang2012","i5",29.49444444,118.8941944,46.37,"aquatic",48,2007
"Wang2012","i6",29.51469444,118.8493056,35.64,"aquatic",48,2007
"Wang2012","i7",29.53522222,118.9371667,32.29,"aquatic",48,2007
"Wang2012","i8",29.49583333,118.9117222,5.69,"aquatic",48,2007
"Wang2012","i9",29.61877778,118.9675556,3.42,"aquatic",48,2007
"Wethered2005","Gilboa-A",-29.275978,30.325393,273,"terrestrial",NA,1997
"Wethered2005","Gilboa-B",-29.261603,30.383462,149.5,"terrestrial",NA,1997
"Wethered2005","Gilboa-C",-29.223308,30.350848,105,"terrestrial",NA,1997
"Wethered2005","Gilboa-D",-29.258133,30.36054,81.48,"terrestrial",NA,1997
"Wethered2005","Gilboa-E",-29.265495,30.2928,37,"terrestrial",NA,1997
"Wethered2005","Gilboa-F",-29.229149,30.370154,13,"terrestrial",NA,1997
"Wethered2005","Gilboa-G",-29.224185,30.392867,3.6,"terrestrial",NA,1997
"Wethered2005","Gilboa-H",-29.224809,30.396057,1.7,"terrestrial",NA,1997
"Wethered2005","Gilboa-I",-29.226661,30.384454,0.5,"terrestrial",NA,1997
"Yong2011","Jelatang",4.985786,102.70814,184.7,"aquatic",21,2007
"Yong2011","Jerangau",4.969603,102.624805,146.8,"aquatic",21,2007
"Yong2011","K_Laban",5.009899,102.708602,45.8,"aquatic",21,2007
"Yong2011","Latak",4.974529,102.661194,9.9,"aquatic",21,2007
"Yong2011","Petelot",4.975073,102.719857,1.1,"aquatic",21,2007
"Yong2011","Yazid",4.976384,102.640016,14.9,"aquatic",21,2007
